{"batch/loss": 0.0005703178467229009, "batch/mae": 0.01728087291121483, "batch/mse": 0.0005703178467229009, "batch/batch_step": 5695, "batch/learning_rate": 0.0010000000474974513, "_timestamp": 1688511400.6733904, "_runtime": 18.059685468673706, "_step": 1199, "epoch/loss": 0.0005785312969237566, "epoch/mae": 0.017424818128347397, "epoch/mse": 0.0005785312969237566, "epoch/epoch": 59, "epoch/learning_rate": 0.0010000000474974513, "_wandb": {"runtime": 16}}