{"batch/loss": 0.036095138639211655, "batch/mae": 0.1496542990207672, "batch/mse": 0.036095138639211655, "batch/batch_step": 2845, "batch/learning_rate": 0.0010000000474974513, "_timestamp": 1688511368.886716, "_runtime": 13.347307920455933, "_step": 599, "epoch/loss": 0.035973358899354935, "epoch/mae": 0.1492099165916443, "epoch/mse": 0.035973358899354935, "epoch/epoch": 29, "epoch/learning_rate": 0.0010000000474974513, "_wandb": {"runtime": 12}}