{"batch/loss": 0.05975496396422386, "batch/mae": 0.21218690276145935, "batch/mse": 0.05975496396422386, "batch/batch_step": 945, "batch/learning_rate": 0.0010000000474974513, "_timestamp": 1688511305.375186, "_runtime": 10.721592903137207, "_step": 199, "epoch/loss": 0.05970226973295212, "epoch/mae": 0.2118941843509674, "epoch/mse": 0.05970226973295212, "epoch/epoch": 9, "epoch/learning_rate": 0.0010000000474974513, "_wandb": {"runtime": 9}}