{"mse": [0.17758440971374512, 0.10166490823030472, 0.0983642041683197, 0.09666623175144196, 0.09578825533390045, 0.09496104717254639, 0.09401686489582062, 0.09088060259819031, 0.08819545805454254, 0.08524718880653381, 0.0816485732793808, 0.07750026136636734, 0.07061980664730072, 0.062079865485429764, 0.04875367134809494, 0.03516880050301552, 0.024327853694558144, 0.018066300079226494, 0.014679082669317722, 0.012937748804688454, 0.011553693562746048, 0.011095164343714714, 0.011086685582995415, 0.010882485657930374, 0.010670187883079052, 0.01041418220847845, 0.010405074805021286, 0.010381286032497883, 0.009947182610630989, 0.00990203581750393, 0.009999499656260014, 0.009975191205739975, 0.010357541032135487, 0.009591975249350071, 0.009713122621178627, 0.009386513382196426, 0.008400378748774529, 0.007272866554558277, 0.006090300157666206, 0.00549032399430871, 0.004675155505537987, 0.004154648631811142, 0.003247335320338607, 0.003359668655321002, 0.0026899618096649647, 0.0022722487337887287, 0.0018643118673935533, 0.0015916607808321714, 0.0014546912861987948, 0.0012846187455579638, 0.00099537568166852, 0.0009597120806574821, 0.0008752975263632834, 0.0007689401390962303, 0.0007049176492728293, 0.000719349947758019, 0.0007248966139741242, 0.0005905568832531571, 0.0004904588568024337, 0.0004675512609537691], "loss": [0.17758440971374512, 0.10166490823030472, 0.0983642041683197, 0.09666623175144196, 0.09578825533390045, 0.09496104717254639, 0.09401686489582062, 0.09088060259819031, 0.08819545805454254, 0.08524718880653381, 0.0816485732793808, 0.07750026136636734, 0.07061980664730072, 0.062079865485429764, 0.04875367134809494, 0.03516880050301552, 0.024327853694558144, 0.018066300079226494, 0.014679082669317722, 0.012937748804688454, 0.011553693562746048, 0.011095164343714714, 0.011086685582995415, 0.010882485657930374, 0.010670187883079052, 0.01041418220847845, 0.010405074805021286, 0.010381286032497883, 0.009947182610630989, 0.00990203581750393, 0.009999499656260014, 0.009975191205739975, 0.010357541032135487, 0.009591975249350071, 0.009713122621178627, 0.009386513382196426, 0.008400378748774529, 0.007272866554558277, 0.006090300157666206, 0.00549032399430871, 0.004675155505537987, 0.004154648631811142, 0.003247335320338607, 0.003359668655321002, 0.0026899618096649647, 0.0022722487337887287, 0.0018643118673935533, 0.0015916607808321714, 0.0014546912861987948, 0.0012846187455579638, 0.00099537568166852, 0.0009597120806574821, 0.0008752975263632834, 0.0007689401390962303, 0.0007049176492728293, 0.000719349947758019, 0.0007248966139741242, 0.0005905568832531571, 0.0004904588568024337, 0.0004675512609537691], "_timestamp": 1688508653.8866208, "_runtime": 697.9014236927032, "_step": 1781, "batch/loss": 0.0004685992607846856, "batch/mae": 0.015094279311597347, "batch/mse": 0.0004685992607846856, "batch/batch_step": 5695, "batch/learning_rate": 0.0010000000474974513, "epoch/loss": 0.0004675512609537691, "epoch/mae": 0.015060084871947765, "epoch/mse": 0.0004675512609537691, "epoch/epoch": 59, "epoch/learning_rate": 0.0010000000474974513, "_wandb": {"runtime": 144}}