{"batch/loss": 0.005054205656051636, "batch/mae": 0.048350244760513306, "batch/mse": 0.005054205656051636, "batch/batch_step": 5695, "batch/learning_rate": 0.0010000000474974513, "_timestamp": 1688508989.0909016, "_runtime": 19.06788659095764, "_step": 1199, "epoch/loss": 0.0050781723111867905, "epoch/mae": 0.04859449714422226, "epoch/mse": 0.0050781723111867905, "epoch/epoch": 59, "epoch/learning_rate": 0.0010000000474974513, "_wandb": {"runtime": 17}}